Workbook

Sheet Discrepancy log
A1: Log ID | B1: Review ID | C1: Incident ID | D1: Event date | E1: Field | F1: Recorded code | G1: Recorded title | H1: My code | I1: My title | J1: My acceptable alternates | K1: Relationship between codes | L1: Recorded code in my alternates? | M1: Blind stage inconclusive? | N1: Category | O1: Applicable manual rule (OIICS 3.03) | P1: Reviewer justification | Q1: Narrative (line breaks removed)
A2: D001 | B2: 4 | C2: 2024064855 | D2: 2024-06-03 | E2: Part of body | F2: 523 | G2: Lower leg(s) | H2: 522 | I2: Knee(s) | K2: Same major group (2-digit) | L2: No | M2: No | N2: Potential discrepancy: recorded code conflicts with text | O2: Part rules of selection | P2: Narrative states bite on the back of the knee; recorded lower leg (523). | Q2: An employee was spraying vegetation around power lines where the grass was tall. He was bitten on the back of his knee by a snake. The employee was hospitalized with swelling, pain, and discoloration.
A3: D002 | B3: 20 | C3: 2024010565 | D3: 2024-01-18 | E3: Event/Exposure | F3: 653 | G3: Caught, entangled in running powered equipment — normal operation | H3: 650 | I3: Struck by running powered equipment— unspecified | J3: 659 | K3: Same major group (2-digit) | L3: No | M3: No | N3: Potential discrepancy: recorded code conflicts with text | O3: Event rules of selection | P3: Table-saw blade cutting the thumb is contact with a running blade (650/659), not being caught/entangled (653). | Q3: An employee was using an industrial table saw when it amputated his thumb and caused a severe laceration to his palm.
A4: D003 | B4: 44 | C4: 2024076269 | D4: 2024-07-11 | E4: Secondary source | F4: 6624 | G4: Other constructed surface | H4: 4223 | I4: Pipes, tubes— metal | K4: Different division | L4: No | M4: No | N4: Potential discrepancy: recorded code conflicts with text | O4: Source/Secondary source rule 1 (follow the Event's "Coding interactions"; 990 vs 991) and rule 2 (whole vs part) | P4: Pipe that struck the ladder initiated the event; recorded secondary source is the floor surface. | Q4: On July 11, 2024, an employee was reconnecting two pipes when one of them rolled off the support that was holding it up. It struck the employee's A-frame ladder and they fell 7.5 feet from the ladder to the floor below. The employee suffered a contusion and lacerations and was hospitalized.
A5: D004 | B5: 93 | C5: 2024109397 | D5: 2024-10-08 | E5: Nature | F5: 6121 | G5: Damage to replaced joints | H5: 124 | I5: Fractures | K5: Different division | L5: No | M5: No | N5: Potential discrepancy: recorded code conflicts with text | O5: Nature rules of selection | P5: Recorded 'damage to replaced joints' is not supported by a narrative describing a fracture of the knee after a trip. | Q5: An employee was walking to his car when he tripped over a board that was secured to the floor of the dock area. His left knee struck the cement dock. The employee was hospitalized and required surgery to repair a broken knee.
A6: D005 | B6: 9 | C6: 2024076056 | D6: 2024-07-06 | E6: Event/Exposure | F6: 990 | G6: Event or exposure — unspecified | H6: 2530 | I6: Pedestrian struck by vehicle in nonroadway area— unspecified | J6: 2532, 2531, 655 | K6: Different division | L6: No | M6: No | N6: Potential discrepancy: recorded code less specific | O6: Event rule 1 (code that best describes the harmful incident) | P6: Narrative supports a vehicle (forklift) running over a pedestrian worker; recorded 990 is less specific. | Q6: An employee was working on the sales floor when his right foot was run over by a forklift. The employee sustained a fractured little toe.
A7: D006 | B7: 10 | C7: 2024087970 | D7: 2024-08-27 | E7: Event/Exposure | F7: 990 | G7: Event or exposure — unspecified | H7: 6619 | I7: Injured by object handled by person— n.e.c. | J7: 661, 663, 664, 6612, 6611 | K7: Different division | L7: No | M7: No | N7: Potential discrepancy: recorded code less specific | O7: Event rule 1 (code that best describes the harmful incident) | P7: Narrative supports a specific event (struck by shifting object handled by worker); recorded 990 is less specific. | Q7: An employee was moving metal repair parts from the ground to a vehicle. The metal shifted in transit and amputated the employee's left middle fingertip.
A8: D007 | B8: 13 | C8: 2024032393 | D8: 2024-03-18 | E8: Source | F8: 360 | G8: Special process machinery — unspecified | H8: 3642 | I8: Rollers, calenders, dryers—paper production | J8: 364, 3640 | K8: Same major group (2-digit) | L8: No | M8: No | N8: Potential discrepancy: recorded code less specific | O8: Source/Secondary source rule 1 (follow the Event's "Coding interactions"; 990 vs 991) and rule 2 (whole vs part) | P8: Narrative identifies paper-processing rollers; recorded 360 (special process machinery, unspecified) is less specific. | Q8: An employee was putting paper through the rolls on a machine when their gloved hand became entangled in the rollers. The employee's forearm was pulled into the machine between the belt-driven roller and a hot, steam-heated roller. The employee's right forearm sustained burn injuries that required hospitalization and surgical repair.
A9: D008 | B9: 31 | C9: 2024076773 | D9: 2024-07-25 | E9: Event/Exposure | F9: 650 | G9: Struck by running powered equipment — unspecified | H9: 653 | I9: Caught, entangled in running powered equipment— normal operation | J9: 662, 654 | K9: Same major group (2-digit) | L9: No | M9: No | N9: Potential discrepancy: recorded code less specific | O9: Event rule 1 (code that best describes the harmful incident) | P9: Arm pulled between roller and drum is caught/compressed in running equipment (653); recorded 650 is less specific. | Q9: An employee was threading film through a machine. The film got caught on the casting drum, pulling the film and employee's arm between a roller and the casting drum. The employee sustained a friction burn.
A10: D009 | B10: 31 | C10: 2024076773 | D10: 2024-07-25 | E10: Source | F10: 30 | G10: Machinery — unspecified | H10: 3511 | I10: Casting machinery | J10: 351, 352, 3414, 3640 | K10: Same division only | L10: No | M10: No | N10: Potential discrepancy: recorded code less specific | O10: Source/Secondary source rule 1 (follow the Event's "Coding interactions"; 990 vs 991) and rule 2 (whole vs part) | P10: Narrative identifies a casting drum/film machine; recorded 30 is less specific. | Q10: An employee was threading film through a machine. The film got caught on the casting drum, pulling the film and employee's arm between a roller and the casting drum. The employee sustained a friction burn.
A11: D010 | B11: 33 | C11: 2024021550 | D11: 2024-02-19 | E11: Event/Exposure | F11: 320 | G11: Fire — unspecified | H11: 324 | I11: Vehicle or machinery fire | J11: 323, 320, 325 | K11: Same major group (2-digit) | L11: Yes | M11: No | N11: Potential discrepancy: recorded code less specific | O11: Event rule 1 (code that best describes the harmful incident) | P11: Fire involving a pump suggests machinery fire (324); recorded 320 is less specific. | Q11: A fire involving a vacuum pump in the hospital basement caused an employee to suffer smoke inhalation.
A12: D011 | B12: 43 | C12: 20241211414 | D12: 2024-12-10 | E12: Nature | F12: 189 | G12: Other multiple traumatic injuries — n.e.c. | H12: 1825 | I12: Fractures and burns | J12: 189, 1841, 1531 | K12: Same major group (2-digit) | L12: Yes | M12: No | N12: Potential discrepancy: recorded code less specific | O12: Nature rule 3 (multiple injuries) and rule 4.a | P12: Dislocated/broken shoulder plus burns have a specific combination code (1825); recorded 189 n.e.c. is less specific. | Q12: An employee was on a ladder inside a ceiling grid to strip a live electrical wire. The wire stripper he was holding contacted the live wire, resulting in a shock that caused him to fall from the ladder. The employee suffered a dislocated and broken left shoulder as well as second- and third-degree burns on his left finger.
A13: D012 | B13: 45 | C13: 2024010089 | D13: 2024-01-04 | E13: Source | F13: 350 | G13: Metal, woodworking, and special material machinery — unspecified | H13: 3529 | I13: Bending, rolling, shaping, stamping machinery— n.e.c. | J13: 352, 3520 | K13: Same major group (2-digit) | L13: No | M13: No | N13: Potential discrepancy: recorded code less specific | O13: Source/Secondary source rule 1 (follow the Event's "Coding interactions"; 990 vs 991) and rule 2 (whole vs part) | P13: Triangle roller is a bending/rolling machine (3529); recorded 350 is less specific. | Q13: An employee was feeding a piece of metal into a triangle roller. The roller caught the employee's welding glove and pulled in their left hand, breaking three fingers and causing a degloving injury. The machine was unguarded at the time of the incident.
A14: D013 | B14: 50 | C14: 2024054302 | D14: 2024-05-15 | E14: Part of body | F14: 540 | G14: Foot (feet), toe(s) — unspecified | H14: 541 | I14: Foot (feet)— excluding toes | J14: 540 | K14: Same major group (2-digit) | L14: Yes | M14: No | N14: Potential discrepancy: recorded code less specific | O14: Part rule 1 (highest level of detail supported by the case information) | P14: Narrative states fractured foot; 541 (foot, excluding toes) is supported and more specific than 540. | Q14: An employee was moving a piece of lashing gear obstructing the walkway on a cargo ship when he slipped and fell through a ladder access hatch to the deck below. He sustained a fractured left foot.
A15: D014 | B15: 74 | C15: 20241110591 | D15: 2024-11-13 | E15: Event/Exposure | F15: 990 | G15: Event or exposure — unspecified | H15: 533 | I15: Contact with hot objects or substances | J15: 513, 550 | K15: Different division | L15: No | M15: No | N15: Potential discrepancy: recorded code less specific | O15: Event rule 1 (code that best describes the harmful incident) | P15: Welding burns support contact with hot objects/substances; recorded 990 is less specific. | Q15: A employee was welding and an assistant was handing him welding rods. The welder received burns to his hands and face and was not hospitalized. The assistant received first- and second-degree burns to their hands, neck, and face that required hospitalization.
A16: D015 | B16: 74 | C16: 20241110591 | D16: 2024-11-13 | E16: Source | F16: 990 | G16: Source, secondary source — unspecified | H16: 7181 | I16: Torches— welding, cutting | J16: 718, 3595, 7180 | K16: Different division | L16: No | M16: No | N16: Potential discrepancy: recorded code less specific | O16: Source/Secondary source rule 1 (follow the Event's "Coding interactions"; 990 vs 991) and rule 2 (whole vs part) | P16: Welding torch/rods supported; recorded 990 is less specific. | Q16: A employee was welding and an assistant was handing him welding rods. The welder received burns to his hands and face and was not hospitalized. The assistant received first- and second-degree burns to their hands, neck, and face that required hospitalization.
A17: D016 | B17: 75 | C17: 2024065448 | D17: 2024-06-19 | E17: Event/Exposure | F17: 310 | G17: Explosion — unspecified | H17: 313 | I17: Explosion of pressure vessel, piping, or tire | J17: 642, 319 | K17: Same major group (2-digit) | L17: No | M17: No | N17: Potential discrepancy: recorded code less specific | O17: Event rule 1 (code that best describes the harmful incident) | P17: Air spring burst is a pressure-vessel type explosion (313); recorded 310 is less specific. | Q17: An employee was making an adjustment to the air spring system on a truck when the air spring on the driver's side inflated and exploded. The sudden release of air pressure propelled the employee's head into the truck's frame, resulting in serious injury to their head and hearing.
... A28: D027 | B28: 8 | C28: 2024010693 | D28: 2024-01-23 | E28: Nature | F28: 110 | G28: Injuries to the brain, spinal cord — unspecified | H28: 100 | I28: Traumatic injuries or exposures— unspecified | J28: 110, 1113, 134, 132 | K28: Same division only | L28: Yes | M28: No | N28: Insufficient narrative information | O28: Nature rules of selection | P28: 'Head injury' alone does not specify brain injury; recorded 110 needs detail not in the narrative. | Q28: An employee was walking to the break room when they slipped on a puddle of rain water on the floor and fell. The employee suffered a head injury.
A29: D028 | B29: 8 | C29: 2024010693 | D29: 2024-01-23 | E29: Part of body | F29: 111 | G29: Brain | H29: 10 | I29: Head— unspecified | K29: Same division only | L29: No | M29: No | N29: Insufficient narrative information | O29: Part rules of selection | P29: Recorded brain (111); narrative says only 'head injury'. | Q29: An employee was walking to the break room when they slipped on a puddle of rain water on the floor and fell. The employee suffered a head injury.
A30: D029 | B30: 10 | C30: 2024087970 | D30: 2024-08-27 | E30: Secondary source | F30: 990 | G30: Source, secondary source — unspecified | H30: 991 | I30: Secondary source not applicable | K30: Same major group (2-digit) | L30: No | M30: No | N30: Insufficient narrative information | O30: Source/Secondary source rule 1 (follow the Event's "Coding interactions"; 990 vs 991) and rule 2 (whole vs part) | P30: Whether a secondary source exists (990) or not (991) cannot be determined from the narrative. | Q30: An employee was moving metal repair parts from the ground to a vehicle. The metal shifted in transit and amputated the employee's left middle fingertip.
A31: D030 | B31: 12 | C31: 2024075973 | D31: 2024-07-03 | E31: Secondary source | F31: 991 | G31: Secondary source not applicable | H31: 990 | I31: Source, secondary source— unspecified | J31: 991 | K31: Same major group (2-digit) | L31: Yes | M31: No | N31: Insufficient narrative information | O31: Source/Secondary source rule 1 (follow the Event's "Coding interactions"; 990 vs 991) and rule 2 (whole vs part) | P31: Whether a secondary source applies cannot be determined from the narrative. | Q31: An employee was installing articles of pyrotechnics when pyrotechnics misfired and blasted, resulting in injury to their hands.
A32: D031 | B32: 18 | C32: 2024021494 | D32: 2024-02-16 | E32: Part of body | F32: 51 | G32: Hip joint(s) | H32: 5861 | I32: Hip(s) and knee(s) | J32: 580, 589 | K32: Same division only | L32: No | M32: No | N32: Insufficient narrative information | O32: Part rules of selection | P32: Narrative describes two injured workers with hip and knee injuries; the recorded part covers only one injury. Cannot tell which worker the record describes. | Q32: Two employees were in a powered industrial vehicle. The vehicle hit a patch of dirt while traveling from a warehouse to a satellite camp and struck a light post. Both employees suffered injuries to the lower extremities. One employee needed stitches in their knee and hip surgery; the other employee needed stitches in their leg and hip surgery.
A33: D032 | B33: 26 | C33: 2024010166 | D33: 2024-01-08 | E33: Event/Exposure | F33: 119 | G33: Intentional violence by other person — n.e.c. | H33: 4142 | I33: Other fall to lower level— 6 to 30 feet | J33: 4122, 4140, 414 | K33: Different division | L33: No | M33: No | N33: Insufficient narrative information | O33: Event rules of selection | P33: Narrative does not state the ladder was shaken intentionally; Event 119 requires intent that the narrative does not establish. | Q33: The injured employee fell from a 10-foot step ladder that was being shaken by another employee. The employee landed on the concrete floor and suffered shoulder and head injuries.
A34: D033 | B34: 29 | C34: 2024098301 | D34: 2024-09-06 | E34: Secondary source | F34: 4216 | G34: Rods, reinforcing bar (rebar) metal | H34: 990 | I34: Source, secondary source— unspecified | J34: 991 | K34: Different division | L34: No | M34: No | N34: Insufficient narrative information | O34: Source/Secondary source rule 1 (follow the Event's "Coding interactions"; 990 vs 991) and rule 2 (whole vs part) | P34: Narrative does not identify what struck the eye; rebar as secondary source cannot be confirmed. | Q34: An employee was installing rebar when they sustained an injury to their eye.
A35: D034 | B35: 31 | C35: 2024076773 | D35: 2024-07-25 | E35: Secondary source | F35: 990 | G35: Source, secondary source — unspecified | H35: 991 | I35: Secondary source not applicable | K35: Same major group (2-digit) | L35: No | M35: No | N35: Insufficient narrative information | O35: Source/Secondary source rule 1 (follow the Event's "Coding interactions"; 990 vs 991) and rule 2 (whole vs part) | P35: Whether a secondary source applies cannot be determined. | Q35: An employee was threading film through a machine. The film got caught on the casting drum, pulling the film and employee's arm between a roller and the casting drum. The employee sustained a friction burn.
A36: D035 | B36: 38 | C36: 2024043396 | D36: 2024-04-18 | E36: Source | F36: 30 | G36: Machinery — unspecified | H36: 990 | I36: Source, secondary source— unspecified | J36: 30 | K36: Different division | L36: Yes | M36: Yes | N36: Insufficient narrative information | O36: Source/Secondary source rule 1 (follow the Event's "Coding interactions"; 990 vs 991) and rule 2 (whole vs part) | P36: Blind coder flagged this field inconclusive; narrative does not give enough detail. | Q36: On April 18, 2024, an employee was standing on equipment to clear a machine jam when his foot slipped. He suffered a severe laceration and was hospitalized. A safety railing was in place at the time of the incident.
A37: D036 | B37: 42 | C37: 2024032582 | D37: 2024-03-22 | E37: Source | F37: 10 | G37: Chemicals and hazardous materials — unspecified | H37: 4179 | I37: Garbage, recyclables, debris— n.e.c. | J37: 533, 146 | K37: Different division | L37: No | M37: No | N37: Insufficient narrative information | O37: Source/Secondary source rule 1 (follow the Event's "Coding interactions"; 990 vs 991) and rule 2 (whole vs part) | P37: Narrative says 'garbage juice or a caustic fluid'; chemical vs garbage source cannot be determined. | Q37: An employee was filling up a trailer with garbage juice and came in contact with the garbage juice or a caustic fluid, resulting in burns to the right forearm.
A38: D037 | B38: 46 | C38: 20241211275 | D38: 2024-12-06 | E38: Source | F38: 5763 | G38: Robber | H38: 570 | I38: Person, other than injured or ill worker— unspecified | J38: 576, 579 | K38: Same major group (2-digit) | L38: No | M38: No | N38: Insufficient narrative information | O38: Source/Secondary source rule 1 (follow the Event's "Coding interactions"; 990 vs 991) and rule 2 (whole vs part) | P38: Assailant motive is not stated; robber (5763) cannot be confirmed from the narrative. | Q38: An employee was acting in a loss prevention capacity when they were stabbed in the abdomen with a knife by an individual. The employee sustained multiple stab wounds, one of which punctured his lung. Part of the knife broke off in his body, requiring surgery.
A39: D038 | B39: 47 | C39: 2024098606 | D39: 2024-09-16 | E39: Part of body | F39: 6 | G39: BODY SYSTEMS | H39: 990 | I39: Part of body— unspecified | K39: Different division | L39: No | M39: Yes | N39: Insufficient narrative information | O39: Part rules of selection | P39: Blind coder flagged this field inconclusive; narrative does not give enough detail. | Q39: On September 16, 2024, an employee was hooking up a lead to a gas meter in a customer's backyard when the employee was bitten by a copperhead snake. The employee was hospitalized.
A40: D039 | B40: 53 | C40: 2024065850 | D40: 2024-06-29 | E40: Event/Exposure | F40: 5312 | G40: Exposure to environmental heat — outdoor | H40: 5310 | I40: Exposure to environmental heat— unspecified | J40: 5312, 5311, 70, 78 | K40: Same minor group (3-digit) | L40: Yes | M40: No | N40: Insufficient narrative information | O40: Event rules of selection | P40: Narrative does not state indoor/outdoor setting; recorded 5312 (outdoor) assumes it. | Q40: A vacuum truck operator was loading six pieces of aluminum pipe and three rolls of plastic flex hose onto a trailer when he started feeling overheated. The employee became ill due to heat exhaustion/dehydration.
A41: D040 | B41: 54 | C41: 2024054147 | D41: 2024-05-10 | E41: Secondary source | F41: 710 | G41: Handtools — unspecified | H41: 991 | I41: Secondary source not applicable | K41: Different division | L41: No | M41: No | N41: Insufficient narrative information | O41: Source/Secondary source rule 1 (follow the Event's "Coding interactions"; 990 vs 991) and rule 2 (whole vs part) | P41: Whether a hand tool was involved cannot be determined. | Q41: An employee was lifting a toolbox onto a cart when he felt a pull in his left wrist, resulting in a sprain/strain injury.
A42: D041 | B42: 58 | C42: 2024109805 | D42: 2024-10-21 | E42: Source | F42: 4143 | G42: Chips, pellets — metal | H42: 4417 | I42: Staples | J42: 441, 4410 | K42: Same division only | L42: No | M42: No | N42: Insufficient narrative information | O42: Source/Secondary source rule 1 (follow the Event's "Coding interactions"; 990 vs 991) and rule 2 (whole vs part) | P42: Narrative says 'a piece of metal'; staple vs metal chip cannot be determined. | Q42: An employee was assembling door jambs using a pneumatic stapler when a piece of metal was propelled into their right eye, resulting in an injury that required surgery. The employee was hospitalized.
A43: D042 | B43: 63 | C43: 20241211494 | D43: 2024-12-12 | E43: Source | F43: 6624 | G43: Other constructed surface | H43: 30 | I43: Machinery— unspecified | J43: 360 | K43: Different division | L43: No | M43: Yes | N43: Insufficient narrative information | O43: Source/Secondary source rule 1 (follow the Event's "Coding interactions"; 990 vs 991) and rule 2 (whole vs part) | P43: Blind coder flagged this field inconclusive; narrative does not give enough detail. | Q43: An employee was troubleshooting a machine when he slipped and went to brace himself. His hand entered the machine and the blade contacted his finger, resulting in a fingertip amputation.
A44: D043 | B44: 63 | C44: 20241211494 | D44: 2024-12-12 | E44: Secondary source | F44: 30 | G44: Machinery — unspecified | H44: 991 | I44: Secondary source not applicable | J44: 990 | K44: Different division | L44: No | M44: No | N44: Insufficient narrative information | O44: Source/Secondary source rule 1 (follow the Event's "Coding interactions"; 990 vs 991) and rule 2 (whole vs part) | P44: Source/secondary source depend on the event interpretation above. | Q44: An employee was troubleshooting a machine when he slipped and went to brace himself. His hand entered the machine and the blade contacted his finger, resulting in a fingertip amputation.
A45: D044 | B45: 74 | C45: 20241110591 | D45: 2024-11-13 | E45: Secondary source | F45: 990 | G45: Source, secondary source — unspecified | H45: 991 | I45: Secondary source not applicable | K45: Same major group (2-digit) | L45: No | M45: No | N45: Insufficient narrative information | O45: Source/Secondary source rule 1 (follow the Event's "Coding interactions"; 990 vs 991) and rule 2 (whole vs part) | P45: Whether a secondary source exists cannot be determined. | Q45: A employee was welding and an assistant was handing him welding rods. The welder received burns to his hands and face and was not hospitalized. The assistant received first- and second-degree burns to their hands, neck, and face that required hospitalization.
A46: D045 | B46: 83 | C46: 20241110663 | D46: 2024-11-15 | E46: Nature | F46: 1110 | G46: Intracranial injuries — unspecified | H46: 100 | I46: Traumatic injuries or exposures— unspecified | J46: 110, 1110, 1113, 134 | K46: Same division only | L46: Yes | M46: No | N46: Insufficient narrative information | O46: Nature rules of selection | P46: 'Head trauma' alone does not support 1110 intracranial injury. | Q46: An employee was manning a water pump when a vehicle came through the barriers and struck the employee. The employee fell to the ground and sustained a head trauma.
A47: D046 | B47: 83 | C47: 20241110663 | D47: 2024-11-15 | E47: Part of body | F47: 111 | G47: Brain | H47: 10 | I47: Head— unspecified | K47: Same division only | L47: No | M47: No | N47: Insufficient narrative information | O47: Part rules of selection | P47: Recorded brain (111); narrative says 'head trauma'. | Q47: An employee was manning a water pump when a vehicle came through the barriers and struck the employee. The employee fell to the ground and sustained a head trauma.
A48: D047 | B48: 85 | C48: 2024043440 | D48: 2024-04-19 | E48: Event/Exposure | F48: 4131 | G48: Fall to lower level resulting in exposure or contact — less than 6 feet | H48: 4130 | I48: Fall to lower level resulting in exposure or contact— unspecified | J48: 4131, 4132, 533, 414 | K48: Same minor group (3-digit) | L48: Yes | M48: No | N48: Insufficient narrative information | O48: Event rules of selection | P48: Fall height is not stated; <6 ft (4131) cannot be confirmed. | Q48: An employee was taking down a railing on a hot water quench tank when he fell into the tank and contacted the hot water, resulting in burns to both knees.
A49: D048 | B49: 89 | C49: 2024021811 | D49: 2024-02-28 | E49: Source | F49: 835 | G49: Motorboat, motorized yacht | H49: 830 | I49: Water vehicle— unspecified | J49: 835, 837, 839 | K49: Same major group (2-digit) | L49: Yes | M49: No | N49: Insufficient narrative information | O49: Source/Secondary source rule 1 (follow the Event's "Coding interactions"; 990 vs 991) and rule 2 (whole vs part) | P49: Narrative says 'small boat'; motorboat not stated. | Q49: An employee was leaving a work site on a barge due to adverse weather conditions. While on their way back to shore in a small boat, the boat went up a large swell and when it came back down, it went bow first into another swell and was immediately swamped. All the boat passengers fell into the river water, which was approximately 49.8 Fahrenheit. One employee was hospitalized with hypothermia.
A50: D049 | B50: 97 | C50: 2024076694 | D50: 2024-07-23 | E50: Event/Exposure | F50: 4311 | G50: Fall on same level resulting in exposure or contact | H50: 430 | I50: Slip, trip, stumble or fall on same level— fall unspecified | J50: 4311, 4312, 652, 650 | K50: Same major group (2-digit) | L50: Yes | M50: Yes | N50: Insufficient narrative information | O50: Event rules of selection | P50: Blind coder flagged this field inconclusive; narrative does not give enough detail. | Q50: An employee was cutting an 8-inch water pipe when the demolition saw blade became wedged. The employee was freeing the blade when they fell and sustained a severe laceration to their face.
A51: D050 | B51: 1 | C51: 20241110833 | D51: 2024-11-20 | E51: Secondary source | F51: 3599 | G51: Other metal, wood, and special material machinery — n.e.c. | H51: 991 | I51: Secondary source not applicable | K51: Different division | L51: No | M51: No | N51: Explained: guidance / rule-interpretation difference | O51: Source/Secondary source rule 1 (follow the Event's "Coding interactions"; 990 vs 991) and rule 2 (whole vs part) | P51: Secondary source for the plasma-cutter track system is defensible as an item contributing to the event; narrative does not exclude it. | Q51: An employee was using a plasma cutter that was set up on a self-propelled track system to bevel the edge of a four-sided plate. The employee's right thigh was impaled by a piece of slag metal and he suffered burns to his right leg.
A52: D051 | B52: 2 | C52: 2024087238 | D52: 2024-08-07 | E52: Event/Exposure | F52: 738 | G52: Multiple types of bodily position and motion | H52: 5310 | I52: Exposure to environmental heat— unspecified | J52: 5311, 5312, 70, 78, 739 | K52: Different division | L52: No | M52: No | N52: Explained: guidance / rule-interpretation difference | O52: Event rule 2.b (order of precedence); rule 2.a (events that initiated or directly produced the injury) | P52: Heat exposure (531x) versus overexertion/multiple body motion (738): order-of-precedence judgement under Event rule R2.b. | Q52: An employee was performing skills training in the heat when they became overexerted and were hospitalized with a muscle injury.
A53: D052 | B53: 2 | C53: 2024087238 | D53: 2024-08-07 | E53: Source | F53: 562 | G53: Bodily motion or position of injured, ill worker | H53: 9542 | I53: Heat—environmental | J53: 562 | K53: Different division | L53: Yes | M53: No | N53: Explained: guidance / rule-interpretation difference | O53: Source/Secondary source rule 1 (follow the Event's "Coding interactions"; 990 vs 991) and rule 2 (whole vs part) | P53: Source follows the event chosen (bodily motion vs heat); consistent with recorded event. | Q53: An employee was performing skills training in the heat when they became overexerted and were hospitalized with a muscle injury.
A54: D053 | B54: 2 | C54: 2024087238 | D54: 2024-08-07 | E54: Secondary source | F54: 9542 | G54: Heat environmental | H54: 991 | I54: Secondary source not applicable | J54: 990 | K54: Same division only | L54: No | M54: No | N54: Explained: guidance / rule-interpretation difference | O54: Source/Secondary source rule 1 (follow the Event's "Coding interactions"; 990 vs 991) and rule 2 (whole vs part) | P54: Heat recorded as secondary source, consistent with recorded event/source pair. | Q54: An employee was performing skills training in the heat when they became overexerted and were hospitalized with a muscle injury.
A55: D054 | B55: 3 | C55: 2024032664 | D55: 2024-03-25 | E55: Part of body | F55: 330 | G55: Abdomen — unspecified | H55: 340 | I55: Pelvic region— unspecified | J55: 3413, 331, 3419 | K55: Same division only | L55: No | M55: No | N55: Explained: guidance / rule-interpretation difference | O55: Part rule 2.a (external vs internal part) | P55: Hernia is an abdominal-wall condition; contact was at the pelvic area. Both parts defensible (Part R2, external part). | Q55: An employee was washing dishes when he bumped into a dishwasher that contacted him in the pelvic area and ruptured a hernia.
A56: D055 | B56: 4 | C56: 2024064855 | D56: 2024-06-03 | E56: Secondary source | F56: 549 | G56: Other plants, vegetation | H56: 991 | I56: Secondary source not applicable | K56: Different division | L56: No | M56: No | N56: Explained: guidance / rule-interpretation difference | O56: Source/Secondary source rule 1 (follow the Event's "Coding interactions"; 990 vs 991) and rule 2 (whole vs part) | P56: Tall vegetation described as the setting; recording it as secondary source is defensible. | Q56: An employee was spraying vegetation around power lines where the grass was tall. He was bitten on the back of his knee by a snake. The employee was hospitalized with swelling, pain, and discoloration.
A57: D056 | B57: 8 | C57: 2024010693 | D57: 2024-01-23 | E57: Secondary source | F57: 9523 | G57: Rain | H57: 4152 | I57: Water, liquids—nonchemical | J57: 9520 | K57: Different division | L57: No | M57: No | N57: Explained: guidance / rule-interpretation difference | O57: Source/Secondary source rule 1 (follow the Event's "Coding interactions"; 990 vs 991) and rule 2 (whole vs part) | P57: Rain water vs nonchemical liquid; recorded rain (9523) is defensible for a puddle of rain water. | Q57: An employee was walking to the break room when they slipped on a puddle of rain water on the floor and fell. The employee suffered a head injury.
A58: D057 | B58: 11 | C58: 20241211921 | D58: 2024-12-28 | E58: Nature | F58: 1590 | G58: Other or multiple types of burns — degree unspecified | H58: 1510 | I58: Chemical burns, corrosions— degree unspecified | J58: 1511, 1512, 1520 | K58: Same major group (2-digit) | L58: No | M58: No | N58: Explained: guidance / rule-interpretation difference | O58: Nature rules of selection | P58: Hot chemical splash: Nature 1590 explicitly includes chemical and heat burns; 1510 also defensible. | Q58: On December 28, 2024, an employee was adding caustic soda beads to the oven clean-in-place (CIP) cleaning system when he was splashed by hot chemicals. The employee sustained burns to his face and ear from the caustic soda beads.
A59: D058 | B59: 11 | C59: 20241211921 | D59: 2024-12-28 | E59: Event/Exposure | F59: 533 | G59: Contact with hot objects or substances | H59: 5553 | I59: Exposure through intact tissue | J59: 5559, 555, 5550, 533 | K59: Same division only | L59: Yes | M59: No | N59: Explained: guidance / rule-interpretation difference | O59: Event rule 2.b (order of precedence); rule 2.a (events that initiated or directly produced the injury) | P59: Hot chemical splash: contact with hot substance (533) vs chemical exposure (555x); precedence judgement. | Q59: On December 28, 2024, an employee was adding caustic soda beads to the oven clean-in-place (CIP) cleaning system when he was splashed by hot chemicals. The employee sustained burns to his face and ear from the caustic soda beads.
A60: D059 | B60: 12 | C60: 2024075973 | D60: 2024-07-03 | E60: Part of body | F60: 440 | G60: Hand(s), finger(s) — unspecified | H60: 441 | I60: Hand(s), except finger(s) | J60: 440, 448 | K60: Same major group (2-digit) | L60: Yes | M60: No | N60: Explained: guidance / rule-interpretation difference | O60: Part rules of selection | P60: 'Hands' may or may not include fingers; 440 vs 441 depends on fuller report. | Q60: An employee was installing articles of pyrotechnics when pyrotechnics misfired and blasted, resulting in injury to their hands.
A61: D060 | B61: 12 | C61: 2024075973 | D61: 2024-07-03 | E61: Event/Exposure | F61: 311 | G61: Intentionally set explosion | H61: 319 | I61: Explosion— n.e.c. | J61: 31, 310, 313, 6422 | K61: Same major group (2-digit) | L61: No | M61: No | N61: Explained: guidance / rule-interpretation difference | O61: Event rule 2.b (order of precedence); rule 2.a (events that initiated or directly produced the injury) | P61: Misfired pyrotechnics: 311 (intentionally set) vs 319 depends on whether the blast was intended. | Q61: An employee was installing articles of pyrotechnics when pyrotechnics misfired and blasted, resulting in injury to their hands.
A62: D061 | B62: 13 | C62: 2024032393 | D62: 2024-03-18 | E62: Event/Exposure | F62: 653 | G62: Caught, entangled in running powered equipment — normal operation | H62: 533 | I62: Contact with hot objects or substances | J62: 653 | K62: Different division | L62: Yes | M62: No | N62: Explained: guidance / rule-interpretation difference | O62: Event rule 2.b (order of precedence); rule 2.a (events that initiated or directly produced the injury) | P62: Caught-in rollers vs contact with hot roller: order of precedence under Event R2.b (653 listed as an alternate). | Q62: An employee was putting paper through the rolls on a machine when their gloved hand became entangled in the rollers. The employee's forearm was pulled into the machine between the belt-driven roller and a hot, steam-heated roller. The employee's right forearm sustained burn injuries that required hospitalization and surgical repair.
A63: D062 | B63: 14 | C63: 2024031900 | D63: 2024-03-01 | E63: Nature | F63: 199 | G63: Other traumatic injuries — n.e.c. | H63: 103 | I63: Nonfatal 'crushing' injuries | J63: 1232, 134, 1824, 100 | K63: Same division only | L63: No | M63: No | N63: Explained: guidance / rule-interpretation difference | O63: Nature rules of selection | P63: Compartment syndrome after crushing; manual guidance for crush/compartment syndrome allows either coding. | Q63: An employee was using a clamp fork truck to load a railcar with rolls of material. The employee exited the lift to put a mat between two of the rolls. The roll held by the fork truck's clamp (60 inches, weighing 3,000-3,500 pounds) dropped from the clamp onto his arm, covering it from hand to bicep. He sustained compartment syndrome, with blood clots, in the arm.
A64: D063 | B64: 14 | C64: 2024031900 | D64: 2024-03-01 | E64: Part of body | F64: 420 | G64: Arm(s) — unspecified | H64: 4819 | I64: Hand(s) and arm(s)— n.e.c. | J64: 4811, 428, 420 | K64: Same division only | L64: Yes | M64: No | N64: Explained: guidance / rule-interpretation difference | O64: Part rules 3-4 (multiple part codes) | P64: Hand-to-bicep coverage; 420 arm (unspecified) vs multiple hand/arm code. | Q64: An employee was using a clamp fork truck to load a railcar with rolls of material. The employee exited the lift to put a mat between two of the rolls. The roll held by the fork truck's clamp (60 inches, weighing 3,000-3,500 pounds) dropped from the clamp onto his arm, covering it from hand to bicep. He sustained compartment syndrome, with blood clots, in the arm.
A65: D064 | B65: 15 | C65: 2024087923 | D65: 2024-08-27 | E65: Nature | F65: 180 | G65: Multiple traumatic injuries and disorders — unspecified | H65: 1811 | I65: Injuries to the brain, spinal cord and severe wounds, internal injuries | J65: 181, 180, 1812, 100 | K65: Same major group (2-digit) | L65: Yes | M65: No | N65: Explained: guidance / rule-interpretation difference | O65: Nature rule 3 (multiple injuries) and rule 4.a | P65: Multiple injuries (brain, fractures, laceration); 180 vs 1811 turns on severity guidance. | Q65: An employee was cutting trees and brush on a logging site when a tree branch (4" diameter and 10-12 feet long) fell on him. He sustained a head injury, facial trauma, fractures, blood clots and bleeding on the right side of his head. He also sustained a laceration near his temporal area and his right eye was swollen and bruised. The employee was hospitalized and required surgery.
A66: D065 | B66: 15 | C66: 2024087923 | D66: 2024-08-27 | E66: Secondary source | F66: 990 | G66: Source, secondary source — unspecified | H66: 5461 | I66: Trees | J66: 5460 | K66: Different division | L66: No | M66: No | N66: Explained: guidance / rule-interpretation difference | O66: Source/Secondary source rule 1 (follow the Event's "Coding interactions"; 990 vs 991) and rule 2 (whole vs part) | P66: Tree vs branch as secondary source; both appear in the narrative. | Q66: An employee was cutting trees and brush on a logging site when a tree branch (4" diameter and 10-12 feet long) fell on him. He sustained a head injury, facial trauma, fractures, blood clots and bleeding on the right side of his head. He also sustained a laceration near his temporal area and his right eye was swollen and bruised. The employee was hospitalized and required surgery.
A67: D066 | B67: 16 | C67: 2024076710 | D67: 2024-07-23 | E67: Secondary source | F67: 991 | G67: Secondary source not applicable | H67: 4741 | I67: Vehicle trailers, trailing units | J67: 991, 990 | K67: Different division | L67: Yes | M67: No | N67: Explained: guidance / rule-interpretation difference | O67: Source/Secondary source rule 1 (follow the Event's "Coding interactions"; 990 vs 991) and rule 2 (whole vs part) | P67: Trailer on which the pipe was mounted could be coded as secondary source; narrative does not require it. | Q67: An employee was cutting an iron pipe mounted on a trailer when the pipe rolled over their leg, resulting in a right tibia fracture and compartment syndrome in their lower right leg.
A68: D067 | B68: 19 | C68: 20241110374 | D68: 2024-11-06 | E68: Nature | F68: 1121 | G68: Paralysis, paraplegia, quadriplegia | H68: 1129 | I68: Spinal cord injuries, paralysis— n.e.c. | J68: 1120, 1121 | K68: Same minor group (3-digit) | L68: Yes | M68: No | N68: Explained: guidance / rule-interpretation difference | O68: Nature rules of selection | P68: Central cord syndrome is an incomplete cord injury; 1121 vs 1129 depends on how 'paralysis' is read. | Q68: An employee was moving pallets into the freezer when they lost their footing and fell on their back. The employee sustained an injury to his upper back/lower neck area and was diagnosed with central cord syndrome.
... A101: D100 | B101: 52 | C101: 2024054100 | D101: 2024-05-09 | E101: Source | F101: 660 | G101: Ground, travel, and support surfaces — unspecified | H101: 4212 | I101: Structural blocks— stone and masonry | J101: 4210, 4113, 4172, 4219 | K101: Different division | L101: No | M101: No | N101: Explained: guidance / rule-interpretation difference | O101: Source/Secondary source rule 1 (follow the Event's "Coding interactions"; 990 vs 991) and rule 2 (whole vs part) | P101: Follows recorded event 4311 (surface fallen on). | Q101: An employee was putting concrete rip rap in a wheelbarrow when they tripped and the 12-inch x 14-inch concrete rip rap fell on their hands, crushing their fingers. The employee was hospitalized.
A102: D101 | B102: 52 | C102: 2024054100 | D102: 2024-05-09 | E102: Secondary source | F102: 4202 | G102: Masonry building materials — unspecified form | H102: 991 | I102: Secondary source not applicable | K102: Different division | L102: No | M102: No | N102: Explained: guidance / rule-interpretation difference | O102: Source/Secondary source rule 1 (follow the Event's "Coding interactions"; 990 vs 991) and rule 2 (whole vs part) | P102: Follows recorded event 4311 (object contacted as result of fall). | Q102: An employee was putting concrete rip rap in a wheelbarrow when they tripped and the 12-inch x 14-inch concrete rip rap fell on their hands, crushing their fingers. The employee was hospitalized.
A103: D102 | B103: 54 | C103: 2024054147 | D103: 2024-05-10 | E103: Source | F103: 2112 | G103: Boxes, crates, cartons | H103: 2211 | I103: Cabinets, cases, dressers | J103: 2112, 221, 2219 | K103: Same division only | L103: Yes | M103: No | N103: Explained: guidance / rule-interpretation difference | O103: Source/Secondary source rule 1 (follow the Event's "Coding interactions"; 990 vs 991) and rule 2 (whole vs part) | P103: Toolbox: boxes/crates vs cabinets/cases; both defensible. | Q103: An employee was lifting a toolbox onto a cart when he felt a pull in his left wrist, resulting in a sprain/strain injury.
A104: D103 | B104: 55 | C104: 20241110424 | D104: 2024-11-08 | E104: Event/Exposure | F104: 659 | G104: Struck by running powered equipment — n.e.c. | H104: 6422 | I104: Struck by dislodged or detached object(s) | J104: 313, 6429, 651 | K104: Same division only | L104: No | M104: No | N104: Explained: guidance / rule-interpretation difference | O104: Event rule 2.b (order of precedence); rule 2.a (events that initiated or directly produced the injury) | P104: Cap blew off and struck the saw into the face; 659 vs 6422 depends on treating the saw or the cap as the striking object. | Q104: On 11/08/2024, an employee was working on piping a refrigeration condenser. Refrigeration condensers arrive from the factory with the internal piping pressurized and the end capped. The employee was cutting a capped refrigeration line when the cap blew off, striking the battery-operated saw he was using and knocking the saw it into his face. He was cut under the nose and struck on the head. The angle of the impact pushed metal fragments under his safety glasses and into his eyes. The employee sustained metal fragments in his eyes, lacerations to the face, and contusions to the head.
A105: D104 | B105: 55 | C105: 20241110424 | D105: 2024-11-08 | E105: Source | F105: 7122 | G105: Saws — except chainsaws | H105: 4416 | I105: Pipe fittings, collars | J105: 4911, 4919 | K105: Different division | L105: No | M105: No | N105: Explained: guidance / rule-interpretation difference | O105: Source/Secondary source rule 1 (follow the Event's "Coding interactions"; 990 vs 991) and rule 2 (whole vs part) | P105: Saw vs fitting as source: depends on the same event interpretation. | Q105: On 11/08/2024, an employee was working on piping a refrigeration condenser. Refrigeration condensers arrive from the factory with the internal piping pressurized and the end capped. The employee was cutting a capped refrigeration line when the cap blew off, striking the battery-operated saw he was using and knocking the saw it into his face. He was cut under the nose and struck on the head. The angle of the impact pushed metal fragments under his safety glasses and into his eyes. The employee sustained metal fragments in his eyes, lacerations to the face, and contusions to the head.
A106: D105 | B106: 55 | C106: 20241110424 | D106: 2024-11-08 | E106: Secondary source | F106: 9225 | G106: Eye and face protection | H106: 3319 | I106: Cooling and humidifying machinery, appliances— n.e.c. | J106: 3310, 3314 | K106: Different division | L106: No | M106: No | N106: Explained: guidance / rule-interpretation difference | O106: Source/Secondary source rule 1 (follow the Event's "Coding interactions"; 990 vs 991) and rule 2 (whole vs part) | P106: Safety glasses are mentioned; recorded 9225 is defensible. | Q106: On 11/08/2024, an employee was working on piping a refrigeration condenser. Refrigeration condensers arrive from the factory with the internal piping pressurized and the end capped. The employee was cutting a capped refrigeration line when the cap blew off, striking the battery-operated saw he was using and knocking the saw it into his face. He was cut under the nose and struck on the head. The angle of the impact pushed metal fragments under his safety glasses and into his eyes. The employee sustained metal fragments in his eyes, lacerations to the face, and contusions to the head.
A107: D106 | B107: 58 | C107: 2024109805 | D107: 2024-10-21 | E107: Event/Exposure | F107: 6422 | G107: Struck by dislodged or detached object(s) | H107: 6421 | I107: Struck by discharged object or substance | J107: 6422, 642, 6429 | K107: Same minor group (3-digit) | L107: Yes | M107: No | N107: Explained: guidance / rule-interpretation difference | O107: Event rule 2.b (order of precedence); rule 2.a (events that initiated or directly produced the injury) | P107: Metal propelled by a pneumatic stapler: discharged vs dislodged object. | Q107: An employee was assembling door jambs using a pneumatic stapler when a piece of metal was propelled into their right eye, resulting in an injury that required surgery. The employee was hospitalized.
A108: D107 | B108: 59 | C108: 20241211745 | D108: 2024-12-19 | E108: Part of body | F108: 18 | G108: Multiple regions of the head | H108: 80 | I108: Multiple body parts— unspecified | J108: 813, 812, 882, 899 | K108: Different division | L108: No | M108: No | N108: Explained: guidance / rule-interpretation difference | O108: Part rules 3-4 (multiple part codes) | P108: Head injuries plus hand/hip/back injuries: head-only code vs multi-part code. | Q108: An employee was working as a risk safety consultant on a construction jobsite when they were physically assaulted by a carpenter. The employee was hospitalized with a frontal brain bleed, an orbital fracture under his left eye, a laceration to the back of the head that required three staples, and injuries to their right hand, hip, and back.
A109: D108 | B109: 59 | C109: 20241211745 | D109: 2024-12-19 | E109: Event/Exposure | F109: 1149 | G109: Hitting, kicking, beating by other person — n.e.c. | H109: 1140 | I109: Hitting, kicking, beating by other person— unspecified | J109: 110, 114, 1149, 118 | K109: Same minor group (3-digit) | L109: Yes | M109: No | N109: Explained: guidance / rule-interpretation difference | O109: Event rule 2.b (order of precedence); rule 2.a (events that initiated or directly produced the injury) | P109: Assault: 1149 (n.e.c.) vs 1140; manual order for hitting/kicking vs beating. | Q109: An employee was working as a risk safety consultant on a construction jobsite when they were physically assaulted by a carpenter. The employee was hospitalized with a frontal brain bleed, an orbital fracture under his left eye, a laceration to the back of the head that required three staples, and injuries to their right hand, hip, and back.
A110: D109 | B110: 59 | C110: 20241211745 | D110: 2024-12-19 | E110: Secondary source | F110: 990 | G110: Source, secondary source — unspecified | H110: 991 | I110: Secondary source not applicable | J110: 990 | K110: Same major group (2-digit) | L110: Yes | M110: No | N110: Explained: guidance / rule-interpretation difference | O110: Source/Secondary source rule 1 (follow the Event's "Coding interactions"; 990 vs 991) and rule 2 (whole vs part) | P110: Optional secondary source. | Q110: An employee was working as a risk safety consultant on a construction jobsite when they were physically assaulted by a carpenter. The employee was hospitalized with a frontal brain bleed, an orbital fracture under his left eye, a laceration to the back of the head that required three staples, and injuries to their right hand, hip, and back.
A111: D110 | B111: 60 | C111: 2024075908 | D111: 2024-07-02 | E111: Part of body | F111: 111 | G111: Brain | H111: 118 | I111: Multiple cranial structures | J111: 111, 113, 11, 110 | K111: Same major group (2-digit) | L111: Yes | M111: No | N111: Explained: guidance / rule-interpretation difference | O111: Part rules 3-4 (multiple part codes) | P111: Skull fracture, hematoma and subarachnoid hemorrhage: brain vs multiple cranial structures. | Q111: An employee was helping a client into their home from the van which was parked on a steep slope driveway. They were found in the client's driveway unconscious. The client was strapped into their wheelchair which was found on top of the employee. The employee sustained a fracture behind her ear, a hematoma on the right side of her scalp, and a subarachnoid hemorrhage. She was hospitalized.
A112: D111 | B112: 62 | C112: 2024087253 | D112: 2024-08-08 | E112: Event/Exposure | F112: 2532 | G112: Pedestrian struck by forward-moving vehicle in nonroadway area | H112: 654 | I112: Compressed between running equipment and other object(s) | J112: 2530, 2532, 664 | K112: Different division | L112: Yes | M112: No | N112: Explained: guidance / rule-interpretation difference | O112: Event rule 2.b (order of precedence); rule 2.a (events that initiated or directly produced the injury) | P112: Caught between trailer and forklift: 2532 (pedestrian struck by vehicle) vs 654 (compressed between equipment); precedence. | Q112: An employee had loaded railroad ties into a customer's trailer. The employee was bending down to retrieve a strap between the railroad ties (that were on the forklift) and the tilt-up rail of the trailer. The customer pulled forward and the employee became caught between the customer's trailer and the forklift. The employee was hospitalized with four broken ribs on their right side and two dislocated ribs on their left side.
A113: D112 | B113: 62 | C113: 2024087253 | D113: 2024-08-08 | E113: Source | F113: 840 | G113: Roadway vehicle — motorized, unspecified | H113: 4741 | I113: Vehicle trailers, trailing units | J113: 843, 8430, 8621 | K113: Different division | L113: No | M113: No | N113: Explained: guidance / rule-interpretation difference | O113: Source/Secondary source rule 1 (follow the Event's "Coding interactions"; 990 vs 991) and rule 2 (whole vs part) | P113: Source follows the recorded event. | Q113: An employee had loaded railroad ties into a customer's trailer. The employee was bending down to retrieve a strap between the railroad ties (that were on the forklift) and the tilt-up rail of the trailer. The customer pulled forward and the employee became caught between the customer's trailer and the forklift. The employee was hospitalized with four broken ribs on their right side and two dislocated ribs on their left side.
A114: D113 | B114: 62 | C114: 2024087253 | D114: 2024-08-08 | E114: Secondary source | F114: 991 | G114: Secondary source not applicable | H114: 8621 | I114: Forklift, order picker, platform truck—powered | J114: 991 | K114: Different division | L114: Yes | M114: No | N114: Explained: guidance / rule-interpretation difference | O114: Source/Secondary source rule 1 (follow the Event's "Coding interactions"; 990 vs 991) and rule 2 (whole vs part) | P114: Source follows the recorded event. | Q114: An employee had loaded railroad ties into a customer's trailer. The employee was bending down to retrieve a strap between the railroad ties (that were on the forklift) and the tilt-up rail of the trailer. The customer pulled forward and the employee became caught between the customer's trailer and the forklift. The employee was hospitalized with four broken ribs on their right side and two dislocated ribs on their left side.
... A174: D173 | B174: 68 | C174: 2024098111 | D174: 2024-09-01 | E174: Nature | F174: 168 | G174: Multiple effects of poison, toxic, or allergenic exposure | H174: 162 | I174: Anaphylactic shock, anaphylaxis | J174: 163, 166, 167 | K174: Same major group (2-digit) | L174: No | M174: No | N174: Explained: recorded code supported on re-read | O174: Nature rules of selection | P174: Welts plus respiratory difficulty are combined skin and systemic reactions; manual 168 supports it. | Q174: An employee was taking a break outside when they were bit by multiple ants that resulted in welts on their lower legs and ankles. The employee experienced difficulty breathing and they were hospitalized with an allergic reaction.
A175: D174 | B175: 68 | C175: 2024098111 | D175: 2024-09-01 | E175: Part of body | F175: 883 | G175: Body systems and other part(s) of body | H175: 6 | I175: BODY SYSTEMS | K175: Different division | L175: No | M175: No | N175: Explained: recorded code supported on re-read | O175: Part rule 2.c (systemic reactions, Part 6) / 883 | P175: Skin and systemic effects: 883 supported. | Q175: An employee was taking a break outside when they were bit by multiple ants that resulted in welts on their lower legs and ankles. The employee experienced difficulty breathing and they were hospitalized with an allergic reaction.
A176: D175 | B176: 71 | C176: 2024065321 | D176: 2024-06-16 | E176: Source | F176: 5311 | G176: Bacteria | H176: 5310 | I176: Infectious agents— unspecified | J176: 531, 164 | K176: Same minor group (3-digit) | L176: No | M176: No | N176: Explained: recorded code supported on re-read | O176: Source/Secondary source rule 1 (follow the Event's "Coding interactions"; 990 vs 991) and rule 2 (whole vs part) | P176: Legionella is a bacterium; 5311 supported. | Q176: An employee was working at his desk inside the manufacturing plant near a manual lathe machine that makes spare parts from metal. The machine has coolant that tested positive for Legionella that caused the employee to develop severe respiratory symptoms requiring hospitalization.
A177: D176 | B177: 72 | C177: 2024109481 | D177: 2024-10-11 | E177: Part of body | F177: 899 | G177: Multiple body parts — n.e.c. | H177: 80 | I177: Multiple body parts— unspecified | J177: 88, 81, 813, 882, 899 | K177: Same division only | L177: Yes | M177: No | N177: Explained: recorded code supported on re-read | O177: Part rules 3-4 (multiple part codes) | P177: Arms, hands, neck and face are listed parts; 899 more appropriate than unspecified. | Q177: On October 11, 2024, at 12:24 p.m., an employee was refueling a gasoline generator on a work truck when it ignited. The employee suffered burns to their arms, hands, neck, and face and were hospitalized.
A178: D177 | B178: 72 | C178: 2024109481 | D178: 2024-10-11 | E178: Secondary source | F178: 1352 | G178: Petroleum-based fuels | H178: 990 | I178: Source, secondary source— unspecified | J178: 991 | K178: Different division | L178: No | M178: No | N178: Explained: recorded code supported on re-read | O178: Source/Secondary source rule 1 (follow the Event's "Coding interactions"; 990 vs 991) and rule 2 (whole vs part) | P178: Gasoline (petroleum fuel) is stated in the narrative. | Q178: On October 11, 2024, at 12:24 p.m., an employee was refueling a gasoline generator on a work truck when it ignited. The employee suffered burns to their arms, hands, neck, and face and were hospitalized.
A179: D178 | B179: 73 | C179: 2024065379 | D179: 2024-06-18 | E179: Nature | F179: 146 | G179: Pinched nerve | H179: 149 | I179: Soft tissue injuries— n.e.c. | J179: 146, 140 | K179: Same major group (2-digit) | L179: Yes | M179: No | N179: Explained: recorded code supported on re-read | O179: Nature rules of selection | P179: Nerve damage; pinched nerve (146) is defensible. | Q179: An employee was cleaning the L-30 transfer conveyor belts with a rag and cleaning solution. The employee's arm tripped a sensor, causing the belts to close on their arm. The employee suffered nerve damage in their shoulder and arm and were hospitalized. The machine was not de-energized and lock out/tag out was performed.
A180: D179 | B180: 74 | C180: 20241110591 | D180: 2024-11-13 | E180: Part of body | F180: 899 | G180: Multiple body parts — n.e.c. | H180: 80 | I180: Multiple body parts— unspecified | J180: 813, 882, 88 | K180: Same division only | L180: No | M180: No | N180: Explained: recorded code supported on re-read | O180: Part rules 3-4 (multiple part codes) | P180: Multiple listed parts; 899 supported. | Q180: A employee was welding and an assistant was handing him welding rods. The welder received burns to his hands and face and was not hospitalized. The assistant received first- and second-degree burns to their hands, neck, and face that required hospitalization.
A181: D180 | B181: 75 | C181: 2024065448 | D181: 2024-06-19 | E181: Source | F181: 4716 | G181: Axles, suspensions | H181: 4639 | I181: Machine hydraulics and pressurized components— n.e.c. | J181: 463, 4630, 4631 | K181: Same division only | L181: No | M181: No | N181: Explained: recorded code supported on re-read | O181: Source/Secondary source rule 1 (follow the Event's "Coding interactions"; 990 vs 991) and rule 2 (whole vs part) | P181: Air spring is part of the suspension; 4716 supported. | Q181: An employee was making an adjustment to the air spring system on a truck when the air spring on the driver's side inflated and exploded. The sudden release of air pressure propelled the employee's head into the truck's frame, resulting in serious injury to their head and hearing.
A182: D181 | B182: 77 | C182: 2024109199 | D182: 2024-10-02 | E182: Event/Exposure | F182: 2723 | G182: Collision with stationary object, nonroadway | H182: 651 | I182: Struck by running powered equipment— irregular movement, kick back | J182: 659, 665, 6650 | K182: Different division | L182: No | M182: No | N182: Explained: recorded code supported on re-read | O182: Event rules of selection | P182: Mower stopped after hitting a rock; 2723 collision with stationary object supported. | Q182: An employee was operating a walk-behind mower with a standing attachment when the mower hit a large rock, causing it to stop. The employee was thrown forward and hit his abdomen on the handle control bar on the mower. The employee sustained an injury to his large intestine.
A183: D182 | B183: 80 | C183: 2024065209 | D183: 2024-06-12 | E183: Part of body | F183: 5829 | G183: Foot(feet) and leg(s) — n.e.c. | H183: 5820 | I183: Foot(feet) and leg(s)— unspecified | J183: 5829, 580 | K183: Same minor group (3-digit) | L183: Yes | M183: No | N183: Explained: recorded code supported on re-read | O183: Part rules of selection | P183: Legs and feet are named; 5829 supported over unspecified. | Q183: An employee was removing hot oil from a fryer. The employee was using a small plastic bucket to move oil from the fryer to a larger bucket. The oil melted through the bucket and spilled onto the employee's legs and feet causing first- and second-degree burns to both legs and feet. The employee was hospitalized.
A184: D183 | B184: 80 | C184: 2024065209 | D184: 2024-06-12 | E184: Secondary source | F184: 2113 | G184: Buckets, baskets, pails | H184: 2110 | I184: Nonpressurized containers— unspecified | J184: 2114, 332, 3325 | K184: Same minor group (3-digit) | L184: No | M184: No | N184: Explained: recorded code supported on re-read | O184: Source/Secondary source rule 1 (follow the Event's "Coding interactions"; 990 vs 991) and rule 2 (whole vs part) | P184: Narrative states a plastic bucket; 2113 supported. | Q184: An employee was removing hot oil from a fryer. The employee was using a small plastic bucket to move oil from the fryer to a larger bucket. The oil melted through the bucket and spilled onto the employee's legs and feet causing first- and second-degree burns to both legs and feet. The employee was hospitalized.
A185: D184 | B185: 82 | C185: 20241211081 | D185: 2024-12-02 | E185: Source | F185: 6352 | G185: Utility poles | H185: 6350 | I185: Towers, poles— unspecified | J185: 6353, 6359, 635 | K185: Same minor group (3-digit) | L185: No | M185: No | N185: Explained: recorded code supported on re-read | O185: Source/Secondary source rule 1 (follow the Event's "Coding interactions"; 990 vs 991) and rule 2 (whole vs part) | P185: Manual 6352 includes area-lighting poles; supported. | Q185: An employee was performing maintenance on a field light for a football field. The employee was descending the light pole when the lifeline broke and he fell approximately 22 feet to the grass below. The employee sustained a fractured left arm and a punctured lung.
A186: D185 | B186: 82 | C186: 20241211081 | D186: 2024-12-02 | E186: Secondary source | F186: 9222 | G186: Fall protection equipment | H186: 4423 | I186: Rope, twine, string | J186: 4420, 931, 922 | K186: Different division | L186: No | M186: No | N186: Explained: recorded code supported on re-read | O186: Source/Secondary source rule 1 (follow the Event's "Coding interactions"; 990 vs 991) and rule 2 (whole vs part) | P186: Lifeline is fall-protection equipment (9222). | Q186: An employee was performing maintenance on a field light for a football field. The employee was descending the light pole when the lifeline broke and he fell approximately 22 feet to the grass below. The employee sustained a fractured left arm and a punctured lung.
A187: D186 | B187: 84 | C187: 2024087785 | D187: 2024-08-23 | E187: Part of body | F187: 899 | G187: Multiple body parts — n.e.c. | H187: 80 | I187: Multiple body parts— unspecified | J187: 88, 81, 882 | K187: Same division only | L187: No | M187: No | N187: Explained: recorded code supported on re-read | O187: Part rules 3-4 (multiple part codes) | P187: Head, lung, lower back, ankle: multiple parts; 899 supported. | Q187: An employee was debugging/troubleshooting the teach sensor on a load-handling device (LHD) inside of a cell. The LHD unexpectedly moved to the home location and struck the employee on their head. The employee sustained a head injury, an aspiration-induced lung injury, and fractures to his lower back and right ankle.
... A192: D191 | B192: 96 | C192: 2024087369 | D192: 2024-08-12 | E192: Source | F192: 6344 | G192: Catwalks | H192: 625 | I192: Agricultural building— except silos | J192: 634, 659 | K192: Same division only | L192: No | M192: No | N192: Explained: recorded code supported on re-read | O192: Source/Secondary source rule 1 (follow the Event's "Coding interactions"; 990 vs 991) and rule 2 (whole vs part) | P192: Walkway that broke is a catwalk-type structure; 6344 supported. | Q192: An employee was on the second level of a mushroom house and nailing a crosspiece of wood to support a mushroom bed when the 2x6 stringer that holds up the 3-foot wide walkway broke and the employee fell to the ground level. The employee sustained two fractured ribs.
A193: D192 | B193: 97 | C193: 2024076694 | D193: 2024-07-23 | E193: Secondary source | F193: 7122 | G193: Saws — except chainsaws | H193: 991 | I193: Secondary source not applicable | K193: Different division | L193: No | M193: No | N193: Explained: recorded code supported on re-read | O193: Source/Secondary source rule 1 (follow the Event's "Coding interactions"; 990 vs 991) and rule 2 (whole vs part) | P193: Demolition saw is stated; 7122 supported. | Q193: An employee was cutting an 8-inch water pipe when the demolition saw blade became wedged. The employee was freeing the blade when they fell and sustained a severe laceration to their face.
A194: D193 | B194: 99 | C194: 20241211458 | D194: 2024-12-11 | E194: Secondary source | F194: 4615 | G194: Switchboards, panels, fuses | H194: 643 | I194: Electrical systems | J194: 461, 4610 | K194: Different division | L194: No | M194: No | N194: Explained: recorded code supported on re-read | O194: Source/Secondary source rule 1 (follow the Event's "Coding interactions"; 990 vs 991) and rule 2 (whole vs part) | P194: Narrative states contact with an open electrical cabinet; 4615 supported. | Q194: An employee was walking along an area of ground to survey the location for the replacement of cable and equipment. They tripped on an area of loose soil near the pad mounted electrical distribution cabinet and contacted it. The cabinet was open and exposing interior switches. The employee received burns to both hands and wrists. The employee also went into cardiopulmonary arrest.
A195: D194 | B195: 100 | C195: 20241211372 | D195: 2024-12-09 | E195: Nature | F195: 128 | G195: Multiple severe wounds and internal injuries | H195: 1232 | I195: Closed trauma involving internal organs, major blood vessels | J195: 124, 1231, 1238 | K195: Same major group (2-digit) | L195: No | M195: No | N195: Explained: recorded code supported on re-read | O195: Nature rule 3 (multiple injuries) and rule 4.a | P195: Fractured ribs plus lacerated spleen: multiple severe wounds/internal injuries (128) supported. | Q195: An employee was climbing down a ladder when he slipped and fell to the ground. The employee sustained broken ribs and a lacerated spleen.

Sheet Counts by category
A1: Category | B1: Nature | C1: Part of body | D1: Event/Exposure | E1: Source | F1: Secondary source | G1: All fields
A2: Potential discrepancy: recorded code conflicts with text | B2: =COUNTIFS('Discrepancy log'!$N$2:$N$195,$A2,'Discrepancy log'!$E$2:$E$195,"Nature") -> 1 | C2: =COUNTIFS('Discrepancy log'!$N$2:$N$195,$A2,'Discrepancy log'!$E$2:$E$195,"Part of body") -> 1 | D2: =COUNTIFS('Discrepancy log'!$N$2:$N$195,$A2,'Discrepancy log'!$E$2:$E$195,"Event/Exposure") -> 1 | E2: =COUNTIFS('Discrepancy log'!$N$2:$N$195,$A2,'Discrepancy log'!$E$2:$E$195,"Source") -> 0 | F2: =COUNTIFS('Discrepancy log'!$N$2:$N$195,$A2,'Discrepancy log'!$E$2:$E$195,"Secondary source") -> 1 | G2: =SUM(B2:F2) -> 4
A3: Potential discrepancy: recorded code less specific | B3: =COUNTIFS('Discrepancy log'!$N$2:$N$195,$A3,'Discrepancy log'!$E$2:$E$195,"Nature") -> 2 | C3: =COUNTIFS('Discrepancy log'!$N$2:$N$195,$A3,'Discrepancy log'!$E$2:$E$195,"Part of body") -> 2 | D3: =COUNTIFS('Discrepancy log'!$N$2:$N$195,$A3,'Discrepancy log'!$E$2:$E$195,"Event/Exposure") -> 7 | E3: =COUNTIFS('Discrepancy log'!$N$2:$N$195,$A3,'Discrepancy log'!$E$2:$E$195,"Source") -> 5 | F3: =COUNTIFS('Discrepancy log'!$N$2:$N$195,$A3,'Discrepancy log'!$E$2:$E$195,"Secondary source") -> 1 | G3: =SUM(B3:F3) -> 17
A4: Insufficient narrative information | B4: =COUNTIFS('Discrepancy log'!$N$2:$N$195,$A4,'Discrepancy log'!$E$2:$E$195,"Nature") -> 3 | C4: =COUNTIFS('Discrepancy log'!$N$2:$N$195,$A4,'Discrepancy log'!$E$2:$E$195,"Part of body") -> 5 | D4: =COUNTIFS('Discrepancy log'!$N$2:$N$195,$A4,'Discrepancy log'!$E$2:$E$195,"Event/Exposure") -> 5 | E4: =COUNTIFS('Discrepancy log'!$N$2:$N$195,$A4,'Discrepancy log'!$E$2:$E$195,"Source") -> 7 | F4: =COUNTIFS('Discrepancy log'!$N$2:$N$195,$A4,'Discrepancy log'!$E$2:$E$195,"Secondary source") -> 8 | G4: =SUM(B4:F4) -> 28
A5: Explained: guidance / rule-interpretation difference | B5: =COUNTIFS('Discrepancy log'!$N$2:$N$195,$A5,'Discrepancy log'!$E$2:$E$195,"Nature") -> 12 | C5: =COUNTIFS('Discrepancy log'!$N$2:$N$195,$A5,'Discrepancy log'!$E$2:$E$195,"Part of body") -> 17 | D5: =COUNTIFS('Discrepancy log'!$N$2:$N$195,$A5,'Discrepancy log'!$E$2:$E$195,"Event/Exposure") -> 25 | E5: =COUNTIFS('Discrepancy log'!$N$2:$N$195,$A5,'Discrepancy log'!$E$2:$E$195,"Source") -> 17 | F5: =COUNTIFS('Discrepancy log'!$N$2:$N$195,$A5,'Discrepancy log'!$E$2:$E$195,"Secondary source") -> 29 | G5: =SUM(B5:F5) -> 100
A6: Explained: recorded code supported on re-read | B6: =COUNTIFS('Discrepancy log'!$N$2:$N$195,$A6,'Discrepancy log'!$E$2:$E$195,"Nature") -> 10 | C6: =COUNTIFS('Discrepancy log'!$N$2:$N$195,$A6,'Discrepancy log'!$E$2:$E$195,"Part of body") -> 12 | D6: =COUNTIFS('Discrepancy log'!$N$2:$N$195,$A6,'Discrepancy log'!$E$2:$E$195,"Event/Exposure") -> 6 | E6: =COUNTIFS('Discrepancy log'!$N$2:$N$195,$A6,'Discrepancy log'!$E$2:$E$195,"Source") -> 7 | F6: =COUNTIFS('Discrepancy log'!$N$2:$N$195,$A6,'Discrepancy log'!$E$2:$E$195,"Secondary source") -> 10 | G6: =SUM(B6:F6) -> 45
A7: Total differing fields | B7: =SUM(B2:B6) -> 28 | C7: =SUM(C2:C6) -> 37 | D7: =SUM(D2:D6) -> 44 | E7: =SUM(E2:E6) -> 36 | F7: =SUM(F2:F6) -> 49 | G7: =SUM(G2:G6) -> 194
A9: Note: "Insufficient narrative information" on this sheet counts differing fields only. Fields that were inconclusive but happened to match the recorded code exactly are not in this log (they are counted in the Summary sheet of sample_review.xlsx).
